Trail Name,Completed,Total Segment Miles,Miles Remaining,Map Resource Link
1st/2nd Flatiron,YES (100%),0.79,0.02,https://bouldercolorado.gov/services/open-space-and-mountain-parks-trails
6th Street Connector,YES (100%),0.29,0.0,https://bouldercolorado.gov/services/open-space-and-mountain-parks-trails
6th Street Connector West,YES (100%),0.03,0.0,https://bouldercolorado.gov/services/open-space-and-mountain-parks-trails
7th Street Connector,YES (100%),0.02,0.0,https://bouldercolorado.gov/services/open-space-and-mountain-parks-trails
8th Street Connector,YES (100%),0.02,0.0,https://bouldercolorado.gov/services/open-space-and-mountain-parks-trails
9th Street Connector,YES (100%),0.02,0.0,https://bouldercolorado.gov/services/open-space-and-mountain-parks-trails
Amphitheater,YES (100%),0.4,0.0,https://bouldercolorado.gov/services/open-space-and-mountain-parks-trails
Amphitheater Express,YES (100%),0.22,0.0,https://bouldercolorado.gov/services/open-space-and-mountain-parks-trails
Anemone Loop,YES (100%),2.81,0.0,https://bouldercolorado.gov/services/open-space-and-mountain-parks-trails
Anemone Point,In Progress (24.3%),0.04,0.03,https://bouldercolorado.gov/services/open-space-and-mountain-parks-trails
Artist Point,YES (100%),0.06,0.0,https://bouldercolorado.gov/services/open-space-and-mountain-parks-trails
Baseline,YES (100%),0.55,0.0,https://bouldercolorado.gov/services/open-space-and-mountain-parks-trails
Baseline Connector,YES (100%),0.04,0.0,https://bouldercolorado.gov/services/open-space-and-mountain-parks-trails
Baseline-Gregory Connector,YES (100%),0.05,0.0,https://bouldercolorado.gov/services/open-space-and-mountain-parks-trails
Bear Canyon,YES (100%),2.19,0.0,https://bouldercolorado.gov/services/open-space-and-mountain-parks-trails
Bear Peak,YES (100%),0.35,0.0,https://bouldercolorado.gov/services/open-space-and-mountain-parks-trails
Bear Peak West Ridge,YES (100%),1.91,0.0,https://bouldercolorado.gov/services/open-space-and-mountain-parks-trails
Big Bluestem West,YES (100%),0.24,0.0,https://bouldercolorado.gov/services/open-space-and-mountain-parks-trails
Birdsong,NO,0.17,0.17,https://bouldercolorado.gov/services/open-space-and-mountain-parks-trails
Bluebell Baird,YES (100%),0.03,0.0,https://bouldercolorado.gov/services/open-space-and-mountain-parks-trails
Bluebell Mesa,YES (100%),0.53,0.0,https://bouldercolorado.gov/services/open-space-and-mountain-parks-trails
Bluebell Road,YES (100%),0.93,0.0,https://bouldercolorado.gov/services/open-space-and-mountain-parks-trails
Bluebell Spur,YES (100%),0.17,0.0,https://bouldercolorado.gov/services/open-space-and-mountain-parks-trails
Bluebell-Baird,YES (100%),0.68,0.0,https://bouldercolorado.gov/services/open-space-and-mountain-parks-trails
Bluestem Connector,YES (100%),0.47,0.0,https://bouldercolorado.gov/services/open-space-and-mountain-parks-trails
Boulder Falls,YES (100%),0.12,0.0,https://bouldercolorado.gov/services/open-space-and-mountain-parks-trails
Boy Scout,YES (100%),0.68,0.0,https://bouldercolorado.gov/services/open-space-and-mountain-parks-trails
Buckingham Park,In Progress (60.9%),0.19,0.07,https://bouldercolorado.gov/services/open-space-and-mountain-parks-trails
Centennial Equestrian,NO,0.23,0.23,https://bouldercolorado.gov/services/open-space-and-mountain-parks-trails
Chapman Drive,YES (100%),2.57,0.0,https://bouldercolorado.gov/services/open-space-and-mountain-parks-trails
Chautauqua,YES (100%),0.65,0.0,https://bouldercolorado.gov/services/open-space-and-mountain-parks-trails
Cherryvale (1),NO,0.27,0.27,https://bouldercolorado.gov/services/open-space-and-mountain-parks-trails
Cherryvale (2),NO,0.71,0.71,https://bouldercolorado.gov/services/open-space-and-mountain-parks-trails
Coal Seam,YES (100%),0.71,0.0,https://bouldercolorado.gov/services/open-space-and-mountain-parks-trails
Coal Seam Spur,YES (100%),0.06,0.0,https://bouldercolorado.gov/services/open-space-and-mountain-parks-trails
Cobalt,YES (100%),1.07,0.0,https://bouldercolorado.gov/services/open-space-and-mountain-parks-trails
Community Ditch,YES (100%),3.86,0.0,https://bouldercolorado.gov/services/open-space-and-mountain-parks-trails
Community Ditch Hwy 93 Spur,YES (100%),0.07,0.0,https://bouldercolorado.gov/services/open-space-and-mountain-parks-trails
Cottontail (1),NO,0.79,0.79,https://bouldercolorado.gov/services/open-space-and-mountain-parks-trails
Cottontail (2),NO,1.2,1.2,https://bouldercolorado.gov/services/open-space-and-mountain-parks-trails
Cottonwood,NO,1.26,1.26,https://bouldercolorado.gov/services/open-space-and-mountain-parks-trails
Cowdrey Draw,YES (100%),0.75,0.0,https://bouldercolorado.gov/services/open-space-and-mountain-parks-trails
Cragmoor Connector,YES (100%),0.24,0.0,https://bouldercolorado.gov/services/open-space-and-mountain-parks-trails
Crown Rock,YES (100%),0.4,0.0,https://bouldercolorado.gov/services/open-space-and-mountain-parks-trails
Crown Rock Picnic Loop,YES (100%),0.1,0.0,https://bouldercolorado.gov/services/open-space-and-mountain-parks-trails
Dakota Ridge,YES (100%),1.41,0.0,https://bouldercolorado.gov/services/open-space-and-mountain-parks-trails
Devils Thumb Access,YES (100%),0.08,0.0,https://bouldercolorado.gov/services/open-space-and-mountain-parks-trails
Doudy Draw,YES (100%),2.16,0.0,https://bouldercolorado.gov/services/open-space-and-mountain-parks-trails
Doudy Draw Connector,YES (100%),0.04,0.0,https://bouldercolorado.gov/services/open-space-and-mountain-parks-trails
Doudy Draw Picnic Area,YES (100%),0.03,0.0,https://bouldercolorado.gov/services/open-space-and-mountain-parks-trails
Dry Creek,NO,1.06,1.06,https://bouldercolorado.gov/services/open-space-and-mountain-parks-trails
Dunn House Loop,YES (100%),0.04,0.0,https://bouldercolorado.gov/services/open-space-and-mountain-parks-trails
E.M. Greenman,YES (100%),1.62,0.0,https://bouldercolorado.gov/services/open-space-and-mountain-parks-trails
Eagle,In Progress (56.0%),3.69,1.62,https://bouldercolorado.gov/services/open-space-and-mountain-parks-trails
Eagle Connector,YES (100%),0.28,0.0,https://bouldercolorado.gov/services/open-space-and-mountain-parks-trails
East Boulder - Gunbarrel,NO,2.08,2.08,https://bouldercolorado.gov/services/open-space-and-mountain-parks-trails
East Boulder - Teller Farm,NO,2.3,2.3,https://bouldercolorado.gov/services/open-space-and-mountain-parks-trails
East Boulder - Teller Farm Spur,NO,0.19,0.19,https://bouldercolorado.gov/services/open-space-and-mountain-parks-trails
East Boulder - Teller Lake #5,NO,0.15,0.15,https://bouldercolorado.gov/services/open-space-and-mountain-parks-trails
East Boulder - Teller Spur,NO,0.26,0.26,https://bouldercolorado.gov/services/open-space-and-mountain-parks-trails
East Boulder - White Rocks (1),NO,0.16,0.16,https://bouldercolorado.gov/services/open-space-and-mountain-parks-trails
East Boulder - White Rocks (2),NO,2.06,2.06,https://bouldercolorado.gov/services/open-space-and-mountain-parks-trails
East Ridge,YES (100%),0.74,0.0,https://bouldercolorado.gov/services/open-space-and-mountain-parks-trails
Eldorado Canyon,YES (100%),2.43,0.0,https://bouldercolorado.gov/services/open-space-and-mountain-parks-trails
Enchanted - McClintock Spur,YES (100%),0.08,0.0,https://bouldercolorado.gov/services/open-space-and-mountain-parks-trails
Enchanted Mesa,YES (100%),1.17,0.0,https://bouldercolorado.gov/services/open-space-and-mountain-parks-trails
Enchanted-Kohler Spur,YES (100%),0.16,0.0,https://bouldercolorado.gov/services/open-space-and-mountain-parks-trails
Fern Canyon,YES (100%),1.43,0.0,https://bouldercolorado.gov/services/open-space-and-mountain-parks-trails
Fern Meadow,YES (100%),0.2,0.0,https://bouldercolorado.gov/services/open-space-and-mountain-parks-trails
Fern Meadow - Cragmoor,YES (100%),0.34,0.0,https://bouldercolorado.gov/services/open-space-and-mountain-parks-trails
Flagstaff,YES (100%),2.07,0.0,https://bouldercolorado.gov/services/open-space-and-mountain-parks-trails
Flatirons Loop,YES (100%),0.7,0.0,https://bouldercolorado.gov/services/open-space-and-mountain-parks-trails
Flatirons Vista North,YES (100%),1.18,0.01,https://bouldercolorado.gov/services/open-space-and-mountain-parks-trails
Flatirons Vista South,YES (100%),2.18,0.0,https://bouldercolorado.gov/services/open-space-and-mountain-parks-trails
Foothills,YES (100%),0.0,0.0,https://bouldercolorado.gov/services/open-space-and-mountain-parks-trails
Foothills - Wonderland Lake spur,In Progress (41.3%),0.02,0.01,https://bouldercolorado.gov/services/open-space-and-mountain-parks-trails
Foothills North,YES (100%),1.29,0.08,https://bouldercolorado.gov/services/open-space-and-mountain-parks-trails
Foothills South,YES (100%),0.93,0.0,https://bouldercolorado.gov/services/open-space-and-mountain-parks-trails
Foothills Spur,In Progress (38.6%),0.03,0.02,https://bouldercolorado.gov/services/open-space-and-mountain-parks-trails
Four Pines,YES (100%),1.23,0.09,https://bouldercolorado.gov/services/open-space-and-mountain-parks-trails
Fowler,YES (100%),1.26,0.0,https://bouldercolorado.gov/services/open-space-and-mountain-parks-trails
Goat,In Progress (79.2%),0.62,0.13,https://bouldercolorado.gov/services/open-space-and-mountain-parks-trails
Goldenrod,NO,0.22,0.22,https://bouldercolorado.gov/services/open-space-and-mountain-parks-trails
Goshawk Ridge,YES (100%),1.7,0.0,https://bouldercolorado.gov/services/open-space-and-mountain-parks-trails
Green Bear,YES (100%),1.46,0.0,https://bouldercolorado.gov/services/open-space-and-mountain-parks-trails
Green Mountain Summit,YES (100%),0.01,0.0,https://bouldercolorado.gov/services/open-space-and-mountain-parks-trails
Green Mountain West Ridge,YES (100%),1.93,0.0,https://bouldercolorado.gov/services/open-space-and-mountain-parks-trails
Greenbelt Connector,YES (100%),0.39,0.0,https://bouldercolorado.gov/services/open-space-and-mountain-parks-trails
Greenbelt Plateau,YES (100%),1.58,0.0,https://bouldercolorado.gov/services/open-space-and-mountain-parks-trails
Greenbriar Connector,YES (100%),0.74,0.0,https://bouldercolorado.gov/services/open-space-and-mountain-parks-trails
Gregory Canyon,YES (100%),1.21,0.0,https://bouldercolorado.gov/services/open-space-and-mountain-parks-trails
Gregory Canyon Spur,YES (100%),0.03,0.0,https://bouldercolorado.gov/services/open-space-and-mountain-parks-trails
Halfway House,YES (100%),0.22,0.0,https://bouldercolorado.gov/services/open-space-and-mountain-parks-trails
Hardscrabble Connector,YES (100%),0.1,0.0,https://bouldercolorado.gov/services/open-space-and-mountain-parks-trails
Hidden Valley,In Progress (33.4%),0.23,0.15,https://bouldercolorado.gov/services/open-space-and-mountain-parks-trails
High Plains,YES (100%),2.67,0.0,https://bouldercolorado.gov/services/open-space-and-mountain-parks-trails
Hogback Ridge,YES (100%),1.81,0.0,https://bouldercolorado.gov/services/open-space-and-mountain-parks-trails
Holly Berry,YES (100%),0.3,0.0,https://bouldercolorado.gov/services/open-space-and-mountain-parks-trails
Homestead,YES (100%),1.31,0.0,https://bouldercolorado.gov/services/open-space-and-mountain-parks-trails
IBM Connector,NO,0.8,0.8,https://bouldercolorado.gov/services/open-space-and-mountain-parks-trails
Joder Ranch,YES (100%),1.96,0.18,https://bouldercolorado.gov/services/open-space-and-mountain-parks-trails
KOA Lake,NO,0.07,0.07,https://bouldercolorado.gov/services/open-space-and-mountain-parks-trails
Kohler Mesa,YES (100%),0.57,0.0,https://bouldercolorado.gov/services/open-space-and-mountain-parks-trails
Kohler Spur,YES (100%),0.19,0.0,https://bouldercolorado.gov/services/open-space-and-mountain-parks-trails
Left Hand,NO,2.92,2.92,https://bouldercolorado.gov/services/open-space-and-mountain-parks-trails
Lehigh Connector - North,YES (100%),0.22,0.0,https://bouldercolorado.gov/services/open-space-and-mountain-parks-trails
Lehigh Connector - South,YES (100%),0.36,0.0,https://bouldercolorado.gov/services/open-space-and-mountain-parks-trails
Lion's Lair,YES (100%),2.63,0.0,https://bouldercolorado.gov/services/open-space-and-mountain-parks-trails
Lion's Lair Spur,YES (100%),0.25,0.0,https://bouldercolorado.gov/services/open-space-and-mountain-parks-trails
Long Canyon,YES (100%),1.49,0.0,https://bouldercolorado.gov/services/open-space-and-mountain-parks-trails
Lost Gulch,NO,0.23,0.23,https://bouldercolorado.gov/services/open-space-and-mountain-parks-trails
Lower Big Bluestem,YES (100%),1.67,0.0,https://bouldercolorado.gov/services/open-space-and-mountain-parks-trails
Mallory Cave,YES (100%),0.79,0.0,https://bouldercolorado.gov/services/open-space-and-mountain-parks-trails
Marshall Mesa,YES (100%),0.7,0.0,https://bouldercolorado.gov/services/open-space-and-mountain-parks-trails
Marshall Valley,In Progress (89.3%),0.94,0.1,https://bouldercolorado.gov/services/open-space-and-mountain-parks-trails
Mattie Dean,NO,0.03,0.03,https://bouldercolorado.gov/services/open-space-and-mountain-parks-trails
May's Point,YES (100%),0.11,0.0,https://bouldercolorado.gov/services/open-space-and-mountain-parks-trails
Mayhoffer-Singletree,YES (100%),0.35,0.0,https://bouldercolorado.gov/services/open-space-and-mountain-parks-trails
McClintock Lower,YES (100%),0.42,0.0,https://bouldercolorado.gov/services/open-space-and-mountain-parks-trails
McClintock Upper,YES (100%),0.45,0.0,https://bouldercolorado.gov/services/open-space-and-mountain-parks-trails
Meadow,YES (100%),0.5,0.0,https://bouldercolorado.gov/services/open-space-and-mountain-parks-trails
Mesa,YES (100%),6.54,0.01,https://bouldercolorado.gov/services/open-space-and-mountain-parks-trails
Mesa Connector,YES (100%),0.18,0.0,https://bouldercolorado.gov/services/open-space-and-mountain-parks-trails
Mesa Reservoir,YES (100%),0.23,0.02,https://bouldercolorado.gov/services/open-space-and-mountain-parks-trails
Mount Sanitas,YES (100%),1.25,0.0,https://bouldercolorado.gov/services/open-space-and-mountain-parks-trails
NCAR,YES (100%),0.95,0.0,https://bouldercolorado.gov/services/open-space-and-mountain-parks-trails
NCAR - Bear Canyon,YES (100%),1.17,0.02,https://bouldercolorado.gov/services/open-space-and-mountain-parks-trails
NCAR - Bear Connector,YES (100%),0.52,0.0,https://bouldercolorado.gov/services/open-space-and-mountain-parks-trails
NCAR - Skunk Canyon,In Progress (70.0%),0.49,0.15,https://bouldercolorado.gov/services/open-space-and-mountain-parks-trails
NCAR - Table Mesa,YES (100%),0.54,0.0,https://bouldercolorado.gov/services/open-space-and-mountain-parks-trails
NCAR - Table Mesa/Bear,YES (100%),0.52,0.0,https://bouldercolorado.gov/services/open-space-and-mountain-parks-trails
NCAR Bear Connector,YES (100%),0.01,0.0,https://bouldercolorado.gov/services/open-space-and-mountain-parks-trails
NCAR Water Tank Rd,YES (100%),0.28,0.0,https://bouldercolorado.gov/services/open-space-and-mountain-parks-trails
NIST Service Rd,In Progress (85.8%),0.87,0.12,https://bouldercolorado.gov/services/open-space-and-mountain-parks-trails
NIST Service Rd Connector,YES (100%),0.14,0.0,https://bouldercolorado.gov/services/open-space-and-mountain-parks-trails
New Saddle Rock,YES (100%),0.29,0.0,https://bouldercolorado.gov/services/open-space-and-mountain-parks-trails
North Fork Shanahan,YES (100%),1.35,0.0,https://bouldercolorado.gov/services/open-space-and-mountain-parks-trails
North Rim,NO,0.24,0.24,https://bouldercolorado.gov/services/open-space-and-mountain-parks-trails
North Sky,YES (100%),3.69,0.0,https://bouldercolorado.gov/services/open-space-and-mountain-parks-trails
Northern Quarry,YES (100%),0.01,0.0,https://bouldercolorado.gov/services/open-space-and-mountain-parks-trails
Old Kiln,YES (100%),0.8,0.0,https://bouldercolorado.gov/services/open-space-and-mountain-parks-trails
Old Kiln Spur,YES (100%),0.37,0.0,https://bouldercolorado.gov/services/open-space-and-mountain-parks-trails
Old Saddle Rock,YES (100%),0.62,0.0,https://bouldercolorado.gov/services/open-space-and-mountain-parks-trails
Panorama,YES (100%),0.27,0.0,https://bouldercolorado.gov/services/open-space-and-mountain-parks-trails
Plains Overlook,YES (100%),0.24,0.0,https://bouldercolorado.gov/services/open-space-and-mountain-parks-trails
Prairie Vista,In Progress (8.5%),1.11,1.02,https://bouldercolorado.gov/services/open-space-and-mountain-parks-trails
Range View,YES (100%),0.62,0.0,https://bouldercolorado.gov/services/open-space-and-mountain-parks-trails
Ranger,YES (100%),1.42,0.0,https://bouldercolorado.gov/services/open-space-and-mountain-parks-trails
Red Rocks (1),YES (100%),0.27,0.0,https://bouldercolorado.gov/services/open-space-and-mountain-parks-trails
Red Rocks (2),YES (100%),0.33,0.0,https://bouldercolorado.gov/services/open-space-and-mountain-parks-trails
Red Rocks Loop,YES (100%),0.13,0.0,https://bouldercolorado.gov/services/open-space-and-mountain-parks-trails
Red Rocks Spur,YES (100%),1.4,0.0,https://bouldercolorado.gov/services/open-space-and-mountain-parks-trails
Reflection Point,In Progress (24.8%),0.04,0.03,https://bouldercolorado.gov/services/open-space-and-mountain-parks-trails
Royal Arch,YES (100%),0.81,0.0,https://bouldercolorado.gov/services/open-space-and-mountain-parks-trails
Saddle Rock (1),YES (100%),0.09,0.0,https://bouldercolorado.gov/services/open-space-and-mountain-parks-trails
Saddle Rock (2),YES (100%),0.53,0.0,https://bouldercolorado.gov/services/open-space-and-mountain-parks-trails
Sage (1),In Progress (63.3%),0.39,0.14,https://bouldercolorado.gov/services/open-space-and-mountain-parks-trails
Sage (2),NO,1.16,1.16,https://bouldercolorado.gov/services/open-space-and-mountain-parks-trails
Sage Connector,YES (100%),0.41,0.0,https://bouldercolorado.gov/services/open-space-and-mountain-parks-trails
Sanitas Connector,YES (100%),0.03,0.0,https://bouldercolorado.gov/services/open-space-and-mountain-parks-trails
Sanitas Spur,YES (100%),0.09,0.0,https://bouldercolorado.gov/services/open-space-and-mountain-parks-trails
Sanitas Valley,YES (100%),1.28,0.0,https://bouldercolorado.gov/services/open-space-and-mountain-parks-trails
Sawhill Ponds,NO,1.56,1.56,https://bouldercolorado.gov/services/open-space-and-mountain-parks-trails
Sensory,YES (100%),0.1,0.0,https://bouldercolorado.gov/services/open-space-and-mountain-parks-trails
Serpentine,YES (100%),0.11,0.0,https://bouldercolorado.gov/services/open-space-and-mountain-parks-trails
Shadow Canyon,YES (100%),1.23,0.0,https://bouldercolorado.gov/services/open-space-and-mountain-parks-trails
Shadow Canyon North,YES (100%),0.63,0.0,https://bouldercolorado.gov/services/open-space-and-mountain-parks-trails
Shadow Canyon South,YES (100%),0.88,0.0,https://bouldercolorado.gov/services/open-space-and-mountain-parks-trails
Shadow Canyon South Spur,YES (100%),0.3,0.0,https://bouldercolorado.gov/services/open-space-and-mountain-parks-trails
Shale,YES (100%),0.71,0.0,https://bouldercolorado.gov/services/open-space-and-mountain-parks-trails
Shanahan - Mesa,YES (100%),0.39,0.0,https://bouldercolorado.gov/services/open-space-and-mountain-parks-trails
Shanahan Connector,YES (100%),0.4,0.0,https://bouldercolorado.gov/services/open-space-and-mountain-parks-trails
Ski Jump,YES (100%),0.22,0.0,https://bouldercolorado.gov/services/open-space-and-mountain-parks-trails
Skunk Canyon,YES (100%),1.38,0.0,https://bouldercolorado.gov/services/open-space-and-mountain-parks-trails
Skunk Canyon Spur,YES (100%),0.19,0.0,https://bouldercolorado.gov/services/open-space-and-mountain-parks-trails
Skunk Connector,YES (100%),0.15,0.0,https://bouldercolorado.gov/services/open-space-and-mountain-parks-trails
Sombrero Marsh,NO,0.35,0.35,https://bouldercolorado.gov/services/open-space-and-mountain-parks-trails
South Boulder Creek,NO,3.39,3.39,https://bouldercolorado.gov/services/open-space-and-mountain-parks-trails
South Boulder Creek West,YES (100%),1.95,0.0,https://bouldercolorado.gov/services/open-space-and-mountain-parks-trails
South Boulder Peak,YES (100%),0.28,0.0,https://bouldercolorado.gov/services/open-space-and-mountain-parks-trails
South Fork Shanahan,YES (100%),1.83,0.0,https://bouldercolorado.gov/services/open-space-and-mountain-parks-trails
South Mesa Connector,YES (100%),0.05,0.0,https://bouldercolorado.gov/services/open-space-and-mountain-parks-trails
South Mesa Spur,YES (100%),0.13,0.0,https://bouldercolorado.gov/services/open-space-and-mountain-parks-trails
Spring Brook Loop North,YES (100%),2.19,0.0,https://bouldercolorado.gov/services/open-space-and-mountain-parks-trails
Spring Brook Loop South,YES (100%),1.11,0.0,https://bouldercolorado.gov/services/open-space-and-mountain-parks-trails
Sunshine Canyon,YES (100%),1.08,0.0,https://bouldercolorado.gov/services/open-space-and-mountain-parks-trails
Tenderfoot,YES (100%),1.02,0.0,https://bouldercolorado.gov/services/open-space-and-mountain-parks-trails
Towhee,YES (100%),0.67,0.0,https://bouldercolorado.gov/services/open-space-and-mountain-parks-trails
Upper Big Bluestem,YES (100%),0.96,0.0,https://bouldercolorado.gov/services/open-space-and-mountain-parks-trails
Ute,YES (100%),0.79,0.0,https://bouldercolorado.gov/services/open-space-and-mountain-parks-trails
Vesper,NO,1.49,1.49,https://bouldercolorado.gov/services/open-space-and-mountain-parks-trails
Viewpoint,YES (100%),1.11,0.0,https://bouldercolorado.gov/services/open-space-and-mountain-parks-trails
Wonderland Hill (1),YES (100%),0.23,0.0,https://bouldercolorado.gov/services/open-space-and-mountain-parks-trails
Wonderland Hill (2),YES (100%),0.75,0.0,https://bouldercolorado.gov/services/open-space-and-mountain-parks-trails
Wonderland Lake (1),YES (100%),0.46,0.0,https://bouldercolorado.gov/services/open-space-and-mountain-parks-trails
Wonderland Lake (2),YES (100%),0.63,0.0,https://bouldercolorado.gov/services/open-space-and-mountain-parks-trails
Wood's Quarry,YES (100%),0.39,0.0,https://bouldercolorado.gov/services/open-space-and-mountain-parks-trails
